# depth (m),temp,temp_corrected
55,19.282,19.225477
80,19.662,19.580011
130,20.71,20.57791
180,23.677,23.496414
205,24.871,24.666948
230,26.304,26.077095
