# depth (m),temp,temp_corrected
470.61,47.778,47.373553
1154.28,44.444,44.041785
