# depth (m),temp,temp_corrected
783.3,42.2,41.711119
1388,47.7,47.400218
2395,62.2,62.174135
2697.7,71.1,71.091052
