# depth (m),temp,temp_corrected
10,11.739,11.728698
25,12.276,12.250257
50,13.939,13.887593
55,14.066,14.009477
60,14.194,14.132367
65,14.194,14.127265
70,13.939,13.867172
