# depth (m),temp,temp_corrected
10,23.92,23.909698
25,22.445,22.419257
50,19.175,19.123593
60,19.147,19.085367
67.62,19.166,19.096595
