# depth (m),temp,temp_corrected
288,36.1,35.822781
957,46.6,46.132815
1649,60,59.810935
