# depth (m),temp,temp_corrected
610,26.5,26.036459
700,28.5,28.016844
800,30.5,30.011328
900,34,33.521216
1000,37,36.544028
1050,38,37.559381
