# depth (m),temp,temp_corrected
724,41.1,40.614006
1237,49.4,49.03254
