# depth (m),temp,temp_corrected
51.7,16.45,16.396853
402.6,24.16,23.79678
