# depth (m),temp,temp_corrected
898,39,38.520882
1065,42.22,41.784418
1165.1,45,44.60216
