# depth (m),temp,temp_corrected
750.11,33.889,33.401024
1510.28,56.111,55.865407
1739.8,56.667,56.510771
1905,61.667,61.560711
