# depth (m),temp,temp_corrected
10,15.488,15.477698
25,15.209,15.183257
50,15.488,15.436593
59.98,15.571,15.509388
