# depth (m),temp,temp_corrected
1015.5,38.889,38.437537
1015.5,40,39.548537
1015.5,41.111,40.659537
1012,42.222,41.769498
