# depth (m),temp,temp_corrected
10,18.7,18.689698
25,18.839,18.813257
30,18.806,18.775115
40,18.796,18.754844
40.94,18.803,18.76088
