# depth (m),temp,temp_corrected
1164,63.3,62.901712
1231,66.1,65.729932
1908.6,62.2,62.094656
