# depth (m),temp,temp_corrected
50,18.616,18.564593
70,18.711,18.639172
100,18.901,18.798816
125,18.996,18.868858
150,19.266,19.114286
175,19.488,19.312175
200,19.817,19.617595
