# depth (m),temp,temp_corrected
10,15.345,15.334698
25,15.217,15.191257
50,15.217,15.165593
60,15.234,15.172367
70,15.473,15.401172
75,16.113,16.036087
