# depth (m),temp,temp_corrected
449.58,26.667,26.274463
690.68,32.222,31.740212
741.88,34.444,33.956526
994,40.556,40.098347
994,42.778,42.320347
994,43.333,42.875347
994,43.889,43.431347
