# depth (m),temp,temp_corrected
715,49,48.514955
718,49.444,48.958623
719,50.556,50.070516
716,51.111,50.625843
724.3,53,52.513977
