# depth (m),temp,temp_corrected
509.5,35,34.575563
820,28.889,28.401144
823,35,34.512319
819.5,36.667,36.179116
825.8,41,40.512494
