# depth (m),temp,temp_corrected
50,21,20.948593
100,22,21.897816
200,25.9,25.700595
300,32.1,31.812894
350,33.6,33.273838
359,34.2,33.867194
