# depth (m),temp,temp_corrected
50,22,21.948593
100,22.55,22.447816
200,24.19,23.990595
300,27.28,26.992894
400,29.95,29.588509
490,32.42,32.005253
