# depth (m),temp,temp_corrected
50,22.22,22.168593
100,24.22,24.117816
200,27.55,27.350595
300,31.77,31.482894
400,40.22,39.858509
450,41.77,41.377218
500,46.66,46.2402
