# depth (m),temp,temp_corrected
50,22.77,22.718593
100,24.16,24.057816
200,26.66,26.460595
250,29.44,29.195296
280,30.83,30.559477
