# depth (m),temp,temp_corrected
50,21.7,21.648593
100,22.5,22.397816
150,24.67,24.518286
200,26.06,25.860595
210,27.06,26.851327
