# depth (m),temp,temp_corrected
955,43,42.532343
1257,54,53.641306
