# depth (m),temp,temp_corrected
921.41,43.333,42.858107
1900.43,70,69.892503
2618.84,85,84.988045
2763.62,90,89.993025
3061.72,93.333,93.330909
