# depth (m),temp,temp_corrected
94.83,20.14,20.043019
185.03,21.05,20.864647
285.03,23.35,23.075257
385.03,25.65,25.298676
485.03,28.07,27.65783
585.53,31.98,31.524299
