# depth (m),temp,temp_corrected
50,22.8,22.748593
654.38,33,32.524991
