# depth (m),temp,temp_corrected
10,19.78,19.769698
25,19.77,19.744257
50,19.74,19.688593
55,19.763,19.706477
60,19.79,19.728367
65,19.821,19.754265
70,19.84,19.768172
