# depth (m),temp,temp_corrected
10,17.5,17.489698
50,20,19.948593
150,24,23.848286
250,29,28.755296
350,33.5,33.173838
450,38.5,38.107218
564,46.5,46.052093
