# depth (m),temp,temp_corrected
100,18.41,18.307816
150,19.705,19.553286
175,20.294,20.118175
200,20.88,20.680595
