# depth (m),temp,temp_corrected
50,12.69,12.638593
100,12.73,12.627816
120,12.84,12.717821
140,12.88,12.738064
160,13.03,12.868582
