# depth (m),temp,temp_corrected
50,13.46,13.408593
80,13.82,13.738011
100,14.03,13.927816
120,14.3,14.177821
145,14.62,14.473166
