# depth (m),temp,temp_corrected
50,13.63,13.578593
100,14.08,13.977816
120,14.2,14.077821
140,14.53,14.388064
160,15.02,14.858582
165,15.14,14.97376
