# depth (m),temp,temp_corrected
100,15.08,14.977816
150,15.916,15.764286
175,16.33,16.154175
200,16.89,16.690595
