# depth (m),temp,temp_corrected
50,23.19,23.138593
10,23.24,23.229698
120,23.43,23.307821
140,23.72,23.578064
160,24.1,23.938582
175,24.2,24.024175
