# depth (m),temp,temp_corrected
150,19.484,19.332286
170,19.603,19.431957
190,19.77,19.579959
200,19.865,19.665595
220,20.087,19.869159
230,20.388,20.161095
