# depth (m),temp,temp_corrected
220,20.055,19.837159
230,20.388,20.161095
