# depth (m),temp,temp_corrected
100,17.772,17.669816
150,18.675,18.523286
175,19.163,18.987175
200,19.817,19.617595
