# depth (m),temp,temp_corrected
100,18.105,18.002816
150,18.985,18.833286
170,19.27,19.098957
