# depth (m),temp,temp_corrected
100,18.093,17.990816
150,18.9965,18.844786
170,19.27,19.098957
