# depth (m),temp,temp_corrected
100,17.35,17.247816
150,18.52,18.368286
175,19.117,18.941175
200,19.705,19.505595
