# depth (m),temp,temp_corrected
100,16.987,16.884816
150,17.796,17.644286
175,18.402,18.226175
200,19.02,18.820595
