# depth (m),temp,temp_corrected
150,18.675,18.523286
175,19.151,18.975175
200,19.793,19.593595
