# depth (m),temp,temp_corrected
100,18.045,17.942816
150,18.557,18.405286
100,18.045,17.942816
125,18.236,18.108858
140,18.319,18.177064
150,18.557,18.405286
