# depth (m),temp,temp_corrected
130,17.475,17.34291
155,17.667,17.510425
