# depth (m),temp,temp_corrected
100,18.39,18.287816
200,19.157,18.957595
240,19.888,19.652139
