# depth (m),temp,temp_corrected
175,21.963,21.787175
200,22.298,22.098595
225,22.633,22.410613
250,22.968,22.723296
