# depth (m),temp,temp_corrected
95,19.282,19.184848
120,19.662,19.539821
145,19.888,19.741166
