# depth (m),temp,temp_corrected
50,19.377,19.325593
75,19.472,19.395087
125,19.853,19.725858
150,20.222,20.070286
175,20.579,20.403175
