# depth (m),temp,temp_corrected
100,18.39,18.287816
200,19.127,18.927595
240,19.888,19.652139
