# depth (m),temp,temp_corrected
100,20.853,20.750816
150,21.6165,21.464786
175,21.957,21.781175
200,22.321333,22.121928
225,22.609,22.386613
250,22.96,22.715296
