# depth (m),temp,temp_corrected
25,18.7585,18.732757
75,19.1395,19.062587
125,19.8055,19.678358
150,20.18,20.028286
175,20.46,20.284175
