# depth (m),temp,temp_corrected
45,18.711,18.664716
90,19.282,19.189891
120,19.662,19.539821
145,19.948,19.801166
170,20.341,20.169957
195,20.722,20.527265
