# depth (m),temp,temp_corrected
50,18,17.948593
100,19.1,18.997816
150,20.4,20.248286
200,24,23.800595
250,24.5,24.255296
260,25.5,25.246568
