# depth (m),temp,temp_corrected
50,22.3,22.248593
100,23.2,23.097816
150,24.2,24.048286
200,25.2,25.000595
245,26.5,26.259703
