# depth (m),temp,temp_corrected
50,17.4,17.348593
100,17.9,17.797816
150,18.5,18.348286
200,20,19.800595
250,21.8,21.555296
269,23.8,23.538816
