# depth (m),temp,temp_corrected
613.26,43.333,42.86883
2567.33,90.556,90.541181
