# depth (m),temp,temp_corrected
1769,60,59.853536
2692,80,79.99086
2786,84.4,84.3936
