# depth (m),temp,temp_corrected
856.18,42.22,41.735133
1595.32,61.111,60.900995
