# depth (m),temp,temp_corrected
50.52,20.3,20.248061
115,21.3,21.182799
215,23.5,23.28673
315,25.9,25.600807
415,30.5,30.128686
515,33,32.572953
615.09,37.5,37.034964
