# depth (m),temp,temp_corrected
100,14.481,14.378816
120,14.7455,14.623321
140,15.009,14.867064
