# depth (m),temp,temp_corrected
100,15.39,15.287816
150,16.272,16.120286
175,16.749,16.573175
190,17.082,16.891959
