# depth (m),temp,temp_corrected
100,14.816,14.713816
120,15.031,14.908821
140,15.27,15.128064
160,15.533,15.371582
