# depth (m),temp,temp_corrected
732.13,40.556,40.068822
1652.93,57.222,57.034653
2560.93,71.111,71.096408
