# depth (m),temp,temp_corrected
212.1,33.3,33.089393
900.9,42.2,41.721368
1046.6,71.1,70.658265
