# depth (m),temp,temp_corrected
10,15.473,15.462698
25,15.217,15.191257
50,14.578,14.526593
52.1,14.578,14.524443
