# depth (m),temp,temp_corrected
690.98,40,39.518166
2062.58,51.111,51.040677
2062.89,54.444,54.374069
