# depth (m),temp,temp_corrected
649.22,37.778,37.30392
889.41,41.111,40.63062
