# depth (m),temp,temp_corrected
100,16.749,16.646816
125,17.534,17.406858
150,18.295,18.143286
175,19.032,18.856175
