# depth (m),temp,temp_corrected
100,18.5,18.397816
200,21,20.800595
300,23.4,23.112894
400,24.8,24.438509
500,30.4,29.9802
585,33,32.544481
