# depth (m),temp,temp_corrected
200,35.7,35.500595
300,41,40.712894
350,43.5,43.173838
400,46.2,45.838509
450,49.5,49.107218
500,52.2,51.7802
