# depth (m),temp,temp_corrected
837.1,32,31.513319
838.7,39,38.513451
1250.1,57,56.63827
1250.2,58,57.638314
1250.2,59,58.638314
