# depth (m),temp,temp_corrected
556.75,24,23.554906
1319.67,55,54.669312
