# depth (m),temp,temp_corrected
250,37.9,37.655296
300,40.3,40.012894
350,43,42.673838
400,45.6,45.238509
450,49,48.607218
