# depth (m),temp,temp_corrected
15.3,18.29,18.27424
110,23.37,23.257791
210,28.32,28.111327
310,34.4,34.104802
410,40.07,39.701919
510.7,44.09,43.664989
