# depth (m),temp,temp_corrected
140,24.028571,23.886635
455,38.625,38.229321
480,40.7375,40.327982
635,48.425,47.954564
693.2,51.4375,50.955327
