# depth (m),temp,temp_corrected
140,24.9,24.758064
455,39.3,38.904321
480,41.5,41.090482
635,49.2,48.729564
693.2,53.4,52.917827
