# depth (m),temp,temp_corrected
100,23,22.897816
475,42.2,41.793163
889,55.2,54.719446
978,59.3,58.838044
998,60.2,59.743463
1007,60.9,60.446035
1196.2,68.1,67.715046
