# depth (m),temp,temp_corrected
200,24.255,24.055595
225,25.21,24.987613
250,27.776,27.531296
