# depth (m),temp,temp_corrected
240,23.4,23.164139
290,26.012,25.73312
