# depth (m),temp,temp_corrected
70,19.6205,19.548672
90,20.0015,19.909391
110,20.2515,20.139291
130,20.591,20.45891
