# depth (m),temp,temp_corrected
205,24.895,24.690948
230,26.256,26.029095
