# depth (m),temp,temp_corrected
80,18.626333,18.544345
130,20.674333,20.542243
180,23.671,23.490414
205,24.879,24.674948
230,26.283,26.056095
