# depth (m),temp,temp_corrected
2.67,19.3,19.297249
110,21,20.887791
210,22.7,22.491327
310,25.1,24.804802
410,27,26.631919
510,30,29.575324
610.67,33.7,33.236259
