# depth (m),temp,temp_corrected
1443.99,63.3,63.025353
2706,98.8,98.791325
2977.8,100.5,100.49703
3030.4,113.3,113.29761
3051.3,104.4,104.39781
