# depth (m),temp,temp_corrected
3000,31.52,31.517289
3300,35,34.99927
3500,35.6,35.599715
3800,36.3,36.299937
4000,36.9,36.899979
4800,71.8,71.8
