# depth (m),temp,temp_corrected
1005.4,42,41.545572
1004.1,44,43.545198
1296.1,52,51.658707
