# depth (m),temp,temp_corrected
634.29,38.889,38.418634
1071.37,48.889,48.455502
