# depth (m),temp,temp_corrected
10,16.46,16.449698
15,16.58,16.564549
20,16.48,16.459402
25,16.56,16.534257
30,16.68,16.649115
33.35,16.78,16.745673
