# depth (m),temp,temp_corrected
10,16.88,16.869698
25,17.008,16.982257
50,17.391,17.339593
60,17.519,17.457367
70,17.775,17.703172
80,18.031,17.949011
90,18.414,18.321891
100,18.67,18.567816
110,18.926,18.813791
120,19.309,19.186821
130,19.654,19.52191
140,19.949,19.807064
150,20.332,20.180286
160,20.716,20.554582
170,21.1,20.928957
180,21.483,21.302414
197.36,21.995,21.798058
