# depth (m),temp,temp_corrected
50,12.6,12.548593
100,12.8,12.697816
200,12.7,12.500595
300,13.3,13.012894
400,13.6,13.238509
426.7,13.7,13.321281
