# depth (m),temp,temp_corrected
1111.5,47.778,47.358914
1123.3,47.778,47.363396
1123,48.333,47.918836
1122.8,48.333,47.91876
1118,48.889,48.472483
