# depth (m),temp,temp_corrected
1395.3,57.7,57.403514
1907.74,68.3,68.194431
