# depth (m),temp,temp_corrected
1493.5,68.8,68.54715
2286,80.5,80.463372
