# depth (m),temp,temp_corrected
1036.6,54.4,53.955042
1090.8,57.2,56.773499
