# depth (m),temp,temp_corrected
100,24,23.897816
200,26.8,26.600595
300,30,29.712894
400,34,33.638509
500,38,37.5802
600,42.5,42.039532
700,47,46.516844
760,53.8,53.311568
