# depth (m),temp,temp_corrected
1465,50,49.734665
1329.5,48.8,48.47375
1465,57.2,56.934665
